timestamp,pod,cpu_millicores
1783192457,websocket-server-5d44fc8b6-5glcn,0
1783192457,websocket-server-5d44fc8b6-ctvwb,0
1783192462,websocket-server-5d44fc8b6-5glcn,0
1783192462,websocket-server-5d44fc8b6-ctvwb,0
1783192467,websocket-server-5d44fc8b6-5glcn,0
1783192467,websocket-server-5d44fc8b6-ctvwb,0
1783192473,websocket-server-5d44fc8b6-5glcn,0
1783192473,websocket-server-5d44fc8b6-ctvwb,0
1783192478,websocket-server-5d44fc8b6-5glcn,0
1783192478,websocket-server-5d44fc8b6-ctvwb,0
1783192483,websocket-loadgen-pjqpc,36
1783192483,websocket-server-5d44fc8b6-bdvrk,67
1783192483,websocket-server-5d44fc8b6-sdbwm,65
1783192488,websocket-loadgen-pjqpc,36
1783192488,websocket-server-5d44fc8b6-bdvrk,67
1783192488,websocket-server-5d44fc8b6-sdbwm,65
1783192493,websocket-loadgen-pjqpc,36
1783192493,websocket-server-5d44fc8b6-bdvrk,67
1783192493,websocket-server-5d44fc8b6-sdbwm,65
1783192498,websocket-loadgen-pjqpc,49
1783192498,websocket-server-5d44fc8b6-bdvrk,169
1783192498,websocket-server-5d44fc8b6-sdbwm,141
1783192503,websocket-loadgen-pjqpc,49
1783192503,websocket-server-5d44fc8b6-bdvrk,169
1783192503,websocket-server-5d44fc8b6-sdbwm,141
1783192508,websocket-loadgen-pjqpc,49
1783192508,websocket-server-5d44fc8b6-bdvrk,169
1783192508,websocket-server-5d44fc8b6-sdbwm,141
1783192513,websocket-loadgen-pjqpc,58
1783192513,websocket-server-5d44fc8b6-bdvrk,169
1783192513,websocket-server-5d44fc8b6-sdbwm,230
1783192513,websocket-server-5d44fc8b6-tnrnw,81
1783192519,websocket-loadgen-pjqpc,58
1783192519,websocket-server-5d44fc8b6-bdvrk,169
1783192519,websocket-server-5d44fc8b6-sdbwm,230
1783192519,websocket-server-5d44fc8b6-tnrnw,81
1783192524,websocket-loadgen-pjqpc,73
1783192524,websocket-server-5d44fc8b6-bdvrk,273
1783192524,websocket-server-5d44fc8b6-drj5f,73
1783192524,websocket-server-5d44fc8b6-sdbwm,288
1783192524,websocket-server-5d44fc8b6-tnrnw,97
1783192529,websocket-loadgen-pjqpc,73
1783192529,websocket-server-5d44fc8b6-bdvrk,273
1783192529,websocket-server-5d44fc8b6-drj5f,73
1783192529,websocket-server-5d44fc8b6-sdbwm,288
1783192529,websocket-server-5d44fc8b6-tnrnw,97
1783192534,websocket-loadgen-pjqpc,73
1783192534,websocket-server-5d44fc8b6-bdvrk,273
1783192534,websocket-server-5d44fc8b6-drj5f,73
1783192534,websocket-server-5d44fc8b6-sdbwm,288
1783192534,websocket-server-5d44fc8b6-tnrnw,97
1783192539,websocket-loadgen-pjqpc,96
1783192539,websocket-server-5d44fc8b6-bdvrk,364
1783192539,websocket-server-5d44fc8b6-drj5f,67
1783192539,websocket-server-5d44fc8b6-jqbxm,68
1783192539,websocket-server-5d44fc8b6-mmrg4,70
1783192539,websocket-server-5d44fc8b6-sdbwm,341
1783192539,websocket-server-5d44fc8b6-tnrnw,153
1783192544,websocket-loadgen-pjqpc,96
1783192544,websocket-server-5d44fc8b6-bdvrk,364
1783192544,websocket-server-5d44fc8b6-drj5f,67
1783192544,websocket-server-5d44fc8b6-jqbxm,68
1783192544,websocket-server-5d44fc8b6-mmrg4,70
1783192544,websocket-server-5d44fc8b6-sdbwm,341
1783192544,websocket-server-5d44fc8b6-tnrnw,153
1783192549,websocket-loadgen-pjqpc,96
1783192549,websocket-server-5d44fc8b6-bdvrk,364
1783192549,websocket-server-5d44fc8b6-drj5f,67
1783192549,websocket-server-5d44fc8b6-jqbxm,68
1783192549,websocket-server-5d44fc8b6-mmrg4,70
1783192549,websocket-server-5d44fc8b6-sdbwm,341
1783192549,websocket-server-5d44fc8b6-tnrnw,153
1783192554,websocket-server-5d44fc8b6-6j9qg,63
1783192554,websocket-server-5d44fc8b6-7zd4n,73
1783192554,websocket-server-5d44fc8b6-bdvrk,390
1783192554,websocket-server-5d44fc8b6-drj5f,106
1783192554,websocket-server-5d44fc8b6-jqbxm,53
1783192554,websocket-server-5d44fc8b6-mmrg4,53
1783192554,websocket-server-5d44fc8b6-sdbwm,363
1783192554,websocket-server-5d44fc8b6-tnrnw,180
1783192560,websocket-server-5d44fc8b6-6j9qg,63
1783192560,websocket-server-5d44fc8b6-7zd4n,73
1783192560,websocket-server-5d44fc8b6-bdvrk,390
1783192560,websocket-server-5d44fc8b6-drj5f,106
1783192560,websocket-server-5d44fc8b6-jqbxm,53
1783192560,websocket-server-5d44fc8b6-mmrg4,53
1783192560,websocket-server-5d44fc8b6-sdbwm,363
1783192560,websocket-server-5d44fc8b6-tnrnw,180
1783192565,websocket-server-5d44fc8b6-6j9qg,63
1783192565,websocket-server-5d44fc8b6-7zd4n,73
1783192565,websocket-server-5d44fc8b6-bdvrk,390
1783192565,websocket-server-5d44fc8b6-drj5f,106
1783192565,websocket-server-5d44fc8b6-jqbxm,53
1783192565,websocket-server-5d44fc8b6-mmrg4,53
1783192565,websocket-server-5d44fc8b6-sdbwm,363
1783192565,websocket-server-5d44fc8b6-tnrnw,180
1783192570,websocket-loadgen-hbd7g,107
1783192570,websocket-server-5d44fc8b6-6j9qg,5
1783192570,websocket-server-5d44fc8b6-7gmjr,50
1783192570,websocket-server-5d44fc8b6-7zd4n,14
1783192570,websocket-server-5d44fc8b6-bdvrk,149
1783192570,websocket-server-5d44fc8b6-drj5f,7
1783192570,websocket-server-5d44fc8b6-jqbxm,11
1783192570,websocket-server-5d44fc8b6-mmrg4,14
1783192570,websocket-server-5d44fc8b6-sdbwm,19
1783192570,websocket-server-5d44fc8b6-tnrnw,67
1783192570,websocket-server-5d44fc8b6-wjrlf,49
1783192575,websocket-loadgen-hbd7g,107
1783192575,websocket-server-5d44fc8b6-6j9qg,5
1783192575,websocket-server-5d44fc8b6-7gmjr,50
1783192575,websocket-server-5d44fc8b6-7zd4n,14
1783192575,websocket-server-5d44fc8b6-bdvrk,149
1783192575,websocket-server-5d44fc8b6-drj5f,7
1783192575,websocket-server-5d44fc8b6-jqbxm,11
1783192575,websocket-server-5d44fc8b6-mmrg4,14
1783192575,websocket-server-5d44fc8b6-sdbwm,19
1783192575,websocket-server-5d44fc8b6-tnrnw,67
1783192575,websocket-server-5d44fc8b6-wjrlf,49
1783192580,websocket-loadgen-hbd7g,107
1783192580,websocket-server-5d44fc8b6-6j9qg,5
1783192580,websocket-server-5d44fc8b6-7gmjr,50
1783192580,websocket-server-5d44fc8b6-7zd4n,14
1783192580,websocket-server-5d44fc8b6-bdvrk,149
1783192580,websocket-server-5d44fc8b6-drj5f,7
1783192580,websocket-server-5d44fc8b6-jqbxm,11
1783192580,websocket-server-5d44fc8b6-mmrg4,14
1783192580,websocket-server-5d44fc8b6-sdbwm,19
1783192580,websocket-server-5d44fc8b6-tnrnw,67
1783192580,websocket-server-5d44fc8b6-wjrlf,49
1783192585,websocket-loadgen-hbd7g,49
1783192585,websocket-server-5d44fc8b6-6j9qg,18
1783192585,websocket-server-5d44fc8b6-7gmjr,50
1783192585,websocket-server-5d44fc8b6-7zd4n,26
1783192585,websocket-server-5d44fc8b6-bdvrk,149
1783192585,websocket-server-5d44fc8b6-drj5f,21
1783192585,websocket-server-5d44fc8b6-jqbxm,32
1783192585,websocket-server-5d44fc8b6-mmrg4,23
1783192585,websocket-server-5d44fc8b6-sdbwm,46
1783192585,websocket-server-5d44fc8b6-tnrnw,24
1783192585,websocket-server-5d44fc8b6-wjrlf,46
1783192590,websocket-loadgen-hbd7g,49
1783192590,websocket-server-5d44fc8b6-6j9qg,18
1783192590,websocket-server-5d44fc8b6-7gmjr,50
1783192590,websocket-server-5d44fc8b6-7zd4n,26
1783192590,websocket-server-5d44fc8b6-bdvrk,149
1783192590,websocket-server-5d44fc8b6-drj5f,21
1783192590,websocket-server-5d44fc8b6-jqbxm,32
1783192590,websocket-server-5d44fc8b6-mmrg4,23
1783192590,websocket-server-5d44fc8b6-sdbwm,46
1783192590,websocket-server-5d44fc8b6-tnrnw,24
1783192590,websocket-server-5d44fc8b6-wjrlf,46
1783192596,websocket-loadgen-hbd7g,49
1783192596,websocket-server-5d44fc8b6-6j9qg,18
1783192596,websocket-server-5d44fc8b6-7gmjr,50
1783192596,websocket-server-5d44fc8b6-7zd4n,26
1783192596,websocket-server-5d44fc8b6-bdvrk,149
1783192596,websocket-server-5d44fc8b6-drj5f,21
1783192596,websocket-server-5d44fc8b6-jqbxm,32
1783192596,websocket-server-5d44fc8b6-mmrg4,23
1783192596,websocket-server-5d44fc8b6-sdbwm,46
1783192596,websocket-server-5d44fc8b6-tnrnw,24
1783192596,websocket-server-5d44fc8b6-wjrlf,46
1783192601,websocket-loadgen-hbd7g,68
1783192601,websocket-server-5d44fc8b6-6j9qg,38
1783192601,websocket-server-5d44fc8b6-7gmjr,31
1783192601,websocket-server-5d44fc8b6-7zd4n,46
1783192601,websocket-server-5d44fc8b6-bdvrk,38
1783192601,websocket-server-5d44fc8b6-drj5f,50
1783192601,websocket-server-5d44fc8b6-jqbxm,32
1783192601,websocket-server-5d44fc8b6-mmrg4,40
1783192601,websocket-server-5d44fc8b6-sdbwm,72
1783192601,websocket-server-5d44fc8b6-tnrnw,49
1783192601,websocket-server-5d44fc8b6-wjrlf,44
1783192606,websocket-loadgen-hbd7g,68
1783192606,websocket-server-5d44fc8b6-6j9qg,38
1783192606,websocket-server-5d44fc8b6-7gmjr,31
1783192606,websocket-server-5d44fc8b6-7zd4n,46
1783192606,websocket-server-5d44fc8b6-bdvrk,38
1783192606,websocket-server-5d44fc8b6-drj5f,50
1783192606,websocket-server-5d44fc8b6-jqbxm,32
1783192606,websocket-server-5d44fc8b6-mmrg4,40
1783192606,websocket-server-5d44fc8b6-sdbwm,72
1783192606,websocket-server-5d44fc8b6-tnrnw,49
1783192606,websocket-server-5d44fc8b6-wjrlf,44
1783192611,websocket-loadgen-hbd7g,68
1783192611,websocket-server-5d44fc8b6-6j9qg,38
1783192611,websocket-server-5d44fc8b6-7gmjr,31
1783192611,websocket-server-5d44fc8b6-7zd4n,46
1783192611,websocket-server-5d44fc8b6-bdvrk,38
1783192611,websocket-server-5d44fc8b6-drj5f,50
1783192611,websocket-server-5d44fc8b6-jqbxm,32
1783192611,websocket-server-5d44fc8b6-mmrg4,40
1783192611,websocket-server-5d44fc8b6-sdbwm,72
1783192611,websocket-server-5d44fc8b6-tnrnw,49
1783192611,websocket-server-5d44fc8b6-wjrlf,44
1783192616,websocket-loadgen-hbd7g,84
1783192616,websocket-server-5d44fc8b6-6j9qg,64
1783192616,websocket-server-5d44fc8b6-7gmjr,77
1783192616,websocket-server-5d44fc8b6-7zd4n,70
1783192616,websocket-server-5d44fc8b6-bdvrk,73
1783192616,websocket-server-5d44fc8b6-drj5f,50
1783192616,websocket-server-5d44fc8b6-jqbxm,61
1783192616,websocket-server-5d44fc8b6-mmrg4,40
1783192616,websocket-server-5d44fc8b6-sdbwm,95
1783192616,websocket-server-5d44fc8b6-tnrnw,65
1783192616,websocket-server-5d44fc8b6-wjrlf,86
1783192621,websocket-loadgen-hbd7g,84
1783192621,websocket-server-5d44fc8b6-6j9qg,64
1783192621,websocket-server-5d44fc8b6-7gmjr,77
1783192621,websocket-server-5d44fc8b6-7zd4n,70
1783192621,websocket-server-5d44fc8b6-bdvrk,73
1783192621,websocket-server-5d44fc8b6-drj5f,50
1783192621,websocket-server-5d44fc8b6-jqbxm,61
1783192621,websocket-server-5d44fc8b6-mmrg4,40
1783192621,websocket-server-5d44fc8b6-sdbwm,95
1783192621,websocket-server-5d44fc8b6-tnrnw,65
1783192621,websocket-server-5d44fc8b6-wjrlf,86
1783192626,websocket-loadgen-hbd7g,84
1783192626,websocket-server-5d44fc8b6-6j9qg,64
1783192626,websocket-server-5d44fc8b6-7gmjr,77
1783192626,websocket-server-5d44fc8b6-7zd4n,70
1783192626,websocket-server-5d44fc8b6-bdvrk,73
1783192626,websocket-server-5d44fc8b6-drj5f,50
1783192626,websocket-server-5d44fc8b6-jqbxm,61
1783192626,websocket-server-5d44fc8b6-mmrg4,40
1783192626,websocket-server-5d44fc8b6-sdbwm,95
1783192626,websocket-server-5d44fc8b6-tnrnw,65
1783192626,websocket-server-5d44fc8b6-wjrlf,86
1783192631,websocket-loadgen-hbd7g,89
1783192631,websocket-server-5d44fc8b6-6j9qg,81
1783192631,websocket-server-5d44fc8b6-7gmjr,92
1783192631,websocket-server-5d44fc8b6-7zd4n,92
1783192631,websocket-server-5d44fc8b6-bdvrk,92
1783192631,websocket-server-5d44fc8b6-drj5f,70
1783192631,websocket-server-5d44fc8b6-jqbxm,80
1783192631,websocket-server-5d44fc8b6-mmrg4,57
1783192631,websocket-server-5d44fc8b6-sdbwm,104
1783192631,websocket-server-5d44fc8b6-tnrnw,84
1783192631,websocket-server-5d44fc8b6-wjrlf,106
1783192637,websocket-loadgen-hbd7g,89
1783192637,websocket-server-5d44fc8b6-6j9qg,81
1783192637,websocket-server-5d44fc8b6-7gmjr,92
1783192637,websocket-server-5d44fc8b6-7zd4n,92
1783192637,websocket-server-5d44fc8b6-bdvrk,92
1783192637,websocket-server-5d44fc8b6-drj5f,70
1783192637,websocket-server-5d44fc8b6-jqbxm,80
1783192637,websocket-server-5d44fc8b6-mmrg4,57
1783192637,websocket-server-5d44fc8b6-sdbwm,104
1783192637,websocket-server-5d44fc8b6-tnrnw,84
1783192637,websocket-server-5d44fc8b6-wjrlf,106
1783192642,websocket-loadgen-hbd7g,89
1783192642,websocket-server-5d44fc8b6-6j9qg,81
1783192642,websocket-server-5d44fc8b6-7gmjr,92
1783192642,websocket-server-5d44fc8b6-7zd4n,92
1783192642,websocket-server-5d44fc8b6-bdvrk,92
1783192642,websocket-server-5d44fc8b6-drj5f,70
1783192642,websocket-server-5d44fc8b6-jqbxm,80
1783192642,websocket-server-5d44fc8b6-mmrg4,57
1783192642,websocket-server-5d44fc8b6-sdbwm,104
1783192642,websocket-server-5d44fc8b6-tnrnw,84
1783192642,websocket-server-5d44fc8b6-wjrlf,106
1783192647,websocket-server-5d44fc8b6-6j9qg,99
1783192647,websocket-server-5d44fc8b6-7gmjr,113
1783192647,websocket-server-5d44fc8b6-7zd4n,111
1783192647,websocket-server-5d44fc8b6-bdvrk,121
1783192647,websocket-server-5d44fc8b6-drj5f,86
1783192647,websocket-server-5d44fc8b6-jqbxm,89
1783192647,websocket-server-5d44fc8b6-mmrg4,86
1783192647,websocket-server-5d44fc8b6-sdbwm,126
1783192647,websocket-server-5d44fc8b6-tnrnw,110
1783192647,websocket-server-5d44fc8b6-wjrlf,114
1783192652,websocket-server-5d44fc8b6-6j9qg,99
1783192652,websocket-server-5d44fc8b6-7gmjr,113
1783192652,websocket-server-5d44fc8b6-7zd4n,111
1783192652,websocket-server-5d44fc8b6-bdvrk,121
1783192652,websocket-server-5d44fc8b6-drj5f,86
1783192652,websocket-server-5d44fc8b6-jqbxm,89
1783192652,websocket-server-5d44fc8b6-mmrg4,86
1783192652,websocket-server-5d44fc8b6-sdbwm,126
1783192652,websocket-server-5d44fc8b6-tnrnw,110
1783192652,websocket-server-5d44fc8b6-wjrlf,114
1783192657,websocket-server-5d44fc8b6-6j9qg,99
1783192657,websocket-server-5d44fc8b6-7gmjr,113
1783192657,websocket-server-5d44fc8b6-7zd4n,111
1783192657,websocket-server-5d44fc8b6-bdvrk,121
1783192657,websocket-server-5d44fc8b6-drj5f,86
1783192657,websocket-server-5d44fc8b6-jqbxm,89
1783192657,websocket-server-5d44fc8b6-mmrg4,86
1783192657,websocket-server-5d44fc8b6-sdbwm,126
1783192657,websocket-server-5d44fc8b6-tnrnw,110
1783192657,websocket-server-5d44fc8b6-wjrlf,114
1783192662,websocket-loadgen-nj664,96
1783192662,websocket-server-5d44fc8b6-6j9qg,44
1783192662,websocket-server-5d44fc8b6-7gmjr,11
1783192662,websocket-server-5d44fc8b6-7zd4n,85
1783192662,websocket-server-5d44fc8b6-bdvrk,77
1783192662,websocket-server-5d44fc8b6-drj5f,83
1783192662,websocket-server-5d44fc8b6-jqbxm,68
1783192662,websocket-server-5d44fc8b6-mmrg4,49
1783192662,websocket-server-5d44fc8b6-sdbwm,35
1783192662,websocket-server-5d44fc8b6-tnrnw,54
1783192662,websocket-server-5d44fc8b6-wjrlf,103
1783192667,websocket-loadgen-nj664,96
1783192667,websocket-server-5d44fc8b6-6j9qg,44
1783192667,websocket-server-5d44fc8b6-7gmjr,11
1783192667,websocket-server-5d44fc8b6-7zd4n,85
1783192667,websocket-server-5d44fc8b6-bdvrk,77
1783192667,websocket-server-5d44fc8b6-drj5f,83
1783192667,websocket-server-5d44fc8b6-jqbxm,68
1783192667,websocket-server-5d44fc8b6-mmrg4,49
1783192667,websocket-server-5d44fc8b6-sdbwm,35
1783192667,websocket-server-5d44fc8b6-tnrnw,54
1783192667,websocket-server-5d44fc8b6-wjrlf,103
1783192672,websocket-loadgen-nj664,96
1783192672,websocket-server-5d44fc8b6-6j9qg,44
1783192672,websocket-server-5d44fc8b6-7gmjr,11
1783192672,websocket-server-5d44fc8b6-7zd4n,85
1783192672,websocket-server-5d44fc8b6-bdvrk,77
1783192672,websocket-server-5d44fc8b6-drj5f,83
1783192672,websocket-server-5d44fc8b6-jqbxm,68
1783192672,websocket-server-5d44fc8b6-mmrg4,49
1783192672,websocket-server-5d44fc8b6-sdbwm,35
1783192672,websocket-server-5d44fc8b6-tnrnw,54
1783192672,websocket-server-5d44fc8b6-wjrlf,103
1783192677,websocket-loadgen-nj664,46
1783192677,websocket-server-5d44fc8b6-6j9qg,34
1783192677,websocket-server-5d44fc8b6-7gmjr,30
1783192677,websocket-server-5d44fc8b6-7zd4n,25
1783192677,websocket-server-5d44fc8b6-bdvrk,28
1783192677,websocket-server-5d44fc8b6-drj5f,26
1783192677,websocket-server-5d44fc8b6-jqbxm,21
1783192677,websocket-server-5d44fc8b6-mmrg4,49
1783192677,websocket-server-5d44fc8b6-sdbwm,20
1783192677,websocket-server-5d44fc8b6-tnrnw,36
1783192677,websocket-server-5d44fc8b6-wjrlf,12
1783192683,websocket-loadgen-nj664,46
1783192683,websocket-server-5d44fc8b6-6j9qg,34
1783192683,websocket-server-5d44fc8b6-7gmjr,30
1783192683,websocket-server-5d44fc8b6-7zd4n,25
1783192683,websocket-server-5d44fc8b6-bdvrk,28
1783192683,websocket-server-5d44fc8b6-drj5f,26
1783192683,websocket-server-5d44fc8b6-jqbxm,21
1783192683,websocket-server-5d44fc8b6-mmrg4,49
1783192683,websocket-server-5d44fc8b6-sdbwm,20
1783192683,websocket-server-5d44fc8b6-tnrnw,36
1783192683,websocket-server-5d44fc8b6-wjrlf,12
1783192688,websocket-loadgen-nj664,46
1783192688,websocket-server-5d44fc8b6-6j9qg,34
1783192688,websocket-server-5d44fc8b6-7gmjr,30
1783192688,websocket-server-5d44fc8b6-7zd4n,25
1783192688,websocket-server-5d44fc8b6-bdvrk,28
1783192688,websocket-server-5d44fc8b6-drj5f,26
1783192688,websocket-server-5d44fc8b6-jqbxm,21
1783192688,websocket-server-5d44fc8b6-mmrg4,49
1783192688,websocket-server-5d44fc8b6-sdbwm,20
1783192688,websocket-server-5d44fc8b6-tnrnw,36
1783192688,websocket-server-5d44fc8b6-wjrlf,12
1783192693,websocket-loadgen-nj664,59
1783192693,websocket-server-5d44fc8b6-6j9qg,67
1783192693,websocket-server-5d44fc8b6-7gmjr,40
1783192693,websocket-server-5d44fc8b6-7zd4n,47
1783192693,websocket-server-5d44fc8b6-bdvrk,39
1783192693,websocket-server-5d44fc8b6-drj5f,50
1783192693,websocket-server-5d44fc8b6-jqbxm,38
1783192693,websocket-server-5d44fc8b6-mmrg4,32
1783192693,websocket-server-5d44fc8b6-sdbwm,39
1783192693,websocket-server-5d44fc8b6-tnrnw,54
1783192693,websocket-server-5d44fc8b6-wjrlf,34
1783192698,websocket-loadgen-nj664,59
1783192698,websocket-server-5d44fc8b6-6j9qg,67
1783192698,websocket-server-5d44fc8b6-7gmjr,40
1783192698,websocket-server-5d44fc8b6-7zd4n,47
1783192698,websocket-server-5d44fc8b6-bdvrk,39
1783192698,websocket-server-5d44fc8b6-drj5f,50
1783192698,websocket-server-5d44fc8b6-jqbxm,38
1783192698,websocket-server-5d44fc8b6-mmrg4,32
1783192698,websocket-server-5d44fc8b6-sdbwm,39
1783192698,websocket-server-5d44fc8b6-tnrnw,54
1783192698,websocket-server-5d44fc8b6-wjrlf,34
1783192703,websocket-loadgen-nj664,59
1783192703,websocket-server-5d44fc8b6-6j9qg,67
1783192703,websocket-server-5d44fc8b6-7gmjr,40
1783192703,websocket-server-5d44fc8b6-7zd4n,47
1783192703,websocket-server-5d44fc8b6-bdvrk,39
1783192703,websocket-server-5d44fc8b6-drj5f,50
1783192703,websocket-server-5d44fc8b6-jqbxm,38
1783192703,websocket-server-5d44fc8b6-mmrg4,32
1783192703,websocket-server-5d44fc8b6-sdbwm,39
1783192703,websocket-server-5d44fc8b6-tnrnw,54
1783192703,websocket-server-5d44fc8b6-wjrlf,34
1783192708,websocket-loadgen-nj664,59
1783192708,websocket-server-5d44fc8b6-6j9qg,85
1783192708,websocket-server-5d44fc8b6-7gmjr,62
1783192708,websocket-server-5d44fc8b6-7zd4n,67
1783192708,websocket-server-5d44fc8b6-bdvrk,62
1783192708,websocket-server-5d44fc8b6-drj5f,79
1783192708,websocket-server-5d44fc8b6-jqbxm,74
1783192708,websocket-server-5d44fc8b6-mmrg4,48
1783192708,websocket-server-5d44fc8b6-sdbwm,54
1783192708,websocket-server-5d44fc8b6-tnrnw,64
1783192708,websocket-server-5d44fc8b6-wjrlf,55
1783192713,websocket-loadgen-nj664,59
1783192713,websocket-server-5d44fc8b6-6j9qg,85
1783192713,websocket-server-5d44fc8b6-7gmjr,62
1783192713,websocket-server-5d44fc8b6-7zd4n,67
1783192713,websocket-server-5d44fc8b6-bdvrk,62
1783192713,websocket-server-5d44fc8b6-drj5f,79
1783192713,websocket-server-5d44fc8b6-jqbxm,74
1783192713,websocket-server-5d44fc8b6-mmrg4,48
1783192713,websocket-server-5d44fc8b6-sdbwm,54
1783192713,websocket-server-5d44fc8b6-tnrnw,64
1783192713,websocket-server-5d44fc8b6-wjrlf,55
1783192718,websocket-loadgen-nj664,59
1783192718,websocket-server-5d44fc8b6-6j9qg,85
1783192718,websocket-server-5d44fc8b6-7gmjr,62
1783192718,websocket-server-5d44fc8b6-7zd4n,67
1783192718,websocket-server-5d44fc8b6-bdvrk,62
1783192718,websocket-server-5d44fc8b6-drj5f,79
1783192718,websocket-server-5d44fc8b6-jqbxm,74
1783192718,websocket-server-5d44fc8b6-mmrg4,48
1783192718,websocket-server-5d44fc8b6-sdbwm,54
1783192718,websocket-server-5d44fc8b6-tnrnw,64
1783192718,websocket-server-5d44fc8b6-wjrlf,55
1783192724,websocket-loadgen-nj664,86
1783192724,websocket-server-5d44fc8b6-6j9qg,111
1783192724,websocket-server-5d44fc8b6-7gmjr,79
1783192724,websocket-server-5d44fc8b6-7zd4n,79
1783192724,websocket-server-5d44fc8b6-bdvrk,87
1783192724,websocket-server-5d44fc8b6-drj5f,102
1783192724,websocket-server-5d44fc8b6-jqbxm,98
1783192724,websocket-server-5d44fc8b6-mmrg4,70
1783192724,websocket-server-5d44fc8b6-sdbwm,95
1783192724,websocket-server-5d44fc8b6-tnrnw,79
1783192724,websocket-server-5d44fc8b6-wjrlf,78
1783192729,websocket-loadgen-nj664,86
1783192729,websocket-server-5d44fc8b6-6j9qg,111
1783192729,websocket-server-5d44fc8b6-7gmjr,79
1783192729,websocket-server-5d44fc8b6-7zd4n,79
1783192729,websocket-server-5d44fc8b6-bdvrk,87
1783192729,websocket-server-5d44fc8b6-drj5f,102
1783192729,websocket-server-5d44fc8b6-jqbxm,98
1783192729,websocket-server-5d44fc8b6-mmrg4,70
1783192729,websocket-server-5d44fc8b6-sdbwm,95
1783192729,websocket-server-5d44fc8b6-tnrnw,79
1783192729,websocket-server-5d44fc8b6-wjrlf,78
1783192734,websocket-server-5d44fc8b6-6j9qg,124
1783192734,websocket-server-5d44fc8b6-7gmjr,98
1783192734,websocket-server-5d44fc8b6-7zd4n,103
1783192734,websocket-server-5d44fc8b6-bdvrk,107
1783192734,websocket-server-5d44fc8b6-drj5f,119
1783192734,websocket-server-5d44fc8b6-jqbxm,106
1783192734,websocket-server-5d44fc8b6-mmrg4,95
1783192734,websocket-server-5d44fc8b6-sdbwm,122
1783192734,websocket-server-5d44fc8b6-tnrnw,106
1783192734,websocket-server-5d44fc8b6-wjrlf,78
1783192739,websocket-server-5d44fc8b6-6j9qg,124
1783192739,websocket-server-5d44fc8b6-7gmjr,98
1783192739,websocket-server-5d44fc8b6-7zd4n,103
1783192739,websocket-server-5d44fc8b6-bdvrk,107
1783192739,websocket-server-5d44fc8b6-drj5f,119
1783192739,websocket-server-5d44fc8b6-jqbxm,106
1783192739,websocket-server-5d44fc8b6-mmrg4,95
1783192739,websocket-server-5d44fc8b6-sdbwm,122
1783192739,websocket-server-5d44fc8b6-tnrnw,106
1783192739,websocket-server-5d44fc8b6-wjrlf,78
1783192744,websocket-server-5d44fc8b6-6j9qg,124
1783192744,websocket-server-5d44fc8b6-7gmjr,98
1783192744,websocket-server-5d44fc8b6-7zd4n,103
1783192744,websocket-server-5d44fc8b6-bdvrk,107
1783192744,websocket-server-5d44fc8b6-drj5f,119
1783192744,websocket-server-5d44fc8b6-jqbxm,106
1783192744,websocket-server-5d44fc8b6-mmrg4,95
1783192744,websocket-server-5d44fc8b6-sdbwm,122
1783192744,websocket-server-5d44fc8b6-tnrnw,106
1783192744,websocket-server-5d44fc8b6-wjrlf,78
1783192749,websocket-loadgen-shqxt,123
1783192749,websocket-server-5d44fc8b6-6j9qg,124
1783192749,websocket-server-5d44fc8b6-7gmjr,48
1783192749,websocket-server-5d44fc8b6-7zd4n,72
1783192749,websocket-server-5d44fc8b6-bdvrk,88
1783192749,websocket-server-5d44fc8b6-drj5f,119
1783192749,websocket-server-5d44fc8b6-jqbxm,80
1783192749,websocket-server-5d44fc8b6-mmrg4,39
1783192749,websocket-server-5d44fc8b6-sdbwm,57
1783192749,websocket-server-5d44fc8b6-tnrnw,60
1783192749,websocket-server-5d44fc8b6-wjrlf,89
1783192754,websocket-loadgen-shqxt,123
1783192754,websocket-server-5d44fc8b6-6j9qg,124
1783192754,websocket-server-5d44fc8b6-7gmjr,48
1783192754,websocket-server-5d44fc8b6-7zd4n,72
1783192754,websocket-server-5d44fc8b6-bdvrk,88
1783192754,websocket-server-5d44fc8b6-drj5f,119
1783192754,websocket-server-5d44fc8b6-jqbxm,80
1783192754,websocket-server-5d44fc8b6-mmrg4,39
1783192754,websocket-server-5d44fc8b6-sdbwm,57
1783192754,websocket-server-5d44fc8b6-tnrnw,60
1783192754,websocket-server-5d44fc8b6-wjrlf,89
1783192759,websocket-loadgen-shqxt,123
1783192759,websocket-server-5d44fc8b6-6j9qg,124
1783192759,websocket-server-5d44fc8b6-7gmjr,48
1783192759,websocket-server-5d44fc8b6-7zd4n,72
1783192759,websocket-server-5d44fc8b6-bdvrk,88
1783192759,websocket-server-5d44fc8b6-drj5f,119
1783192759,websocket-server-5d44fc8b6-jqbxm,80
1783192759,websocket-server-5d44fc8b6-mmrg4,39
1783192759,websocket-server-5d44fc8b6-sdbwm,57
1783192759,websocket-server-5d44fc8b6-tnrnw,60
1783192759,websocket-server-5d44fc8b6-wjrlf,89
1783192764,websocket-loadgen-shqxt,46
1783192764,websocket-server-5d44fc8b6-6j9qg,36
1783192764,websocket-server-5d44fc8b6-7gmjr,48
1783192764,websocket-server-5d44fc8b6-7zd4n,37
1783192764,websocket-server-5d44fc8b6-bdvrk,15
1783192764,websocket-server-5d44fc8b6-drj5f,29
1783192764,websocket-server-5d44fc8b6-jqbxm,26
1783192764,websocket-server-5d44fc8b6-mmrg4,27
1783192764,websocket-server-5d44fc8b6-sdbwm,35
1783192764,websocket-server-5d44fc8b6-tnrnw,25
1783192764,websocket-server-5d44fc8b6-wjrlf,3
1783192770,websocket-loadgen-shqxt,46
1783192770,websocket-server-5d44fc8b6-6j9qg,36
1783192770,websocket-server-5d44fc8b6-7gmjr,48
1783192770,websocket-server-5d44fc8b6-7zd4n,37
1783192770,websocket-server-5d44fc8b6-bdvrk,15
1783192770,websocket-server-5d44fc8b6-drj5f,29
1783192770,websocket-server-5d44fc8b6-jqbxm,26
1783192770,websocket-server-5d44fc8b6-mmrg4,27
1783192770,websocket-server-5d44fc8b6-sdbwm,35
1783192770,websocket-server-5d44fc8b6-tnrnw,25
1783192770,websocket-server-5d44fc8b6-wjrlf,3
1783192775,websocket-loadgen-shqxt,46
1783192775,websocket-server-5d44fc8b6-6j9qg,36
1783192775,websocket-server-5d44fc8b6-7gmjr,48
1783192775,websocket-server-5d44fc8b6-7zd4n,37
1783192775,websocket-server-5d44fc8b6-bdvrk,15
1783192775,websocket-server-5d44fc8b6-drj5f,29
1783192775,websocket-server-5d44fc8b6-jqbxm,26
1783192775,websocket-server-5d44fc8b6-mmrg4,27
1783192775,websocket-server-5d44fc8b6-sdbwm,35
1783192775,websocket-server-5d44fc8b6-tnrnw,25
1783192775,websocket-server-5d44fc8b6-wjrlf,3
1783192780,websocket-loadgen-shqxt,67
1783192780,websocket-server-5d44fc8b6-6j9qg,47
1783192780,websocket-server-5d44fc8b6-7gmjr,45
1783192780,websocket-server-5d44fc8b6-7zd4n,71
1783192780,websocket-server-5d44fc8b6-bdvrk,40
1783192780,websocket-server-5d44fc8b6-drj5f,43
1783192780,websocket-server-5d44fc8b6-jqbxm,45
1783192780,websocket-server-5d44fc8b6-mmrg4,54
1783192780,websocket-server-5d44fc8b6-sdbwm,35
1783192780,websocket-server-5d44fc8b6-tnrnw,42
1783192780,websocket-server-5d44fc8b6-wjrlf,23
1783192785,websocket-loadgen-shqxt,67
1783192785,websocket-server-5d44fc8b6-6j9qg,47
1783192785,websocket-server-5d44fc8b6-7gmjr,45
1783192785,websocket-server-5d44fc8b6-7zd4n,71
1783192785,websocket-server-5d44fc8b6-bdvrk,40
1783192785,websocket-server-5d44fc8b6-drj5f,43
1783192785,websocket-server-5d44fc8b6-jqbxm,45
1783192785,websocket-server-5d44fc8b6-mmrg4,54
1783192785,websocket-server-5d44fc8b6-sdbwm,35
1783192785,websocket-server-5d44fc8b6-tnrnw,42
1783192785,websocket-server-5d44fc8b6-wjrlf,23
1783192790,websocket-loadgen-shqxt,67
1783192790,websocket-server-5d44fc8b6-6j9qg,47
1783192790,websocket-server-5d44fc8b6-7gmjr,45
1783192790,websocket-server-5d44fc8b6-7zd4n,71
1783192790,websocket-server-5d44fc8b6-bdvrk,40
1783192790,websocket-server-5d44fc8b6-drj5f,43
1783192790,websocket-server-5d44fc8b6-jqbxm,45
1783192790,websocket-server-5d44fc8b6-mmrg4,54
1783192790,websocket-server-5d44fc8b6-sdbwm,35
1783192790,websocket-server-5d44fc8b6-tnrnw,42
1783192790,websocket-server-5d44fc8b6-wjrlf,23
1783192795,websocket-loadgen-shqxt,78
1783192795,websocket-server-5d44fc8b6-6j9qg,76
1783192795,websocket-server-5d44fc8b6-7gmjr,74
1783192795,websocket-server-5d44fc8b6-7zd4n,91
1783192795,websocket-server-5d44fc8b6-bdvrk,62
1783192795,websocket-server-5d44fc8b6-drj5f,65
1783192795,websocket-server-5d44fc8b6-jqbxm,69
1783192795,websocket-server-5d44fc8b6-mmrg4,69
1783192795,websocket-server-5d44fc8b6-sdbwm,77
1783192795,websocket-server-5d44fc8b6-tnrnw,57
1783192795,websocket-server-5d44fc8b6-wjrlf,50
1783192800,websocket-loadgen-shqxt,78
1783192800,websocket-server-5d44fc8b6-6j9qg,76
1783192800,websocket-server-5d44fc8b6-7gmjr,74
1783192800,websocket-server-5d44fc8b6-7zd4n,91
1783192800,websocket-server-5d44fc8b6-bdvrk,62
1783192800,websocket-server-5d44fc8b6-drj5f,65
1783192800,websocket-server-5d44fc8b6-jqbxm,69
1783192800,websocket-server-5d44fc8b6-mmrg4,69
1783192800,websocket-server-5d44fc8b6-sdbwm,77
1783192800,websocket-server-5d44fc8b6-tnrnw,57
1783192800,websocket-server-5d44fc8b6-wjrlf,50
1783192805,websocket-loadgen-shqxt,78
1783192805,websocket-server-5d44fc8b6-6j9qg,76
1783192805,websocket-server-5d44fc8b6-7gmjr,74
1783192805,websocket-server-5d44fc8b6-7zd4n,91
1783192805,websocket-server-5d44fc8b6-bdvrk,62
1783192805,websocket-server-5d44fc8b6-drj5f,65
1783192805,websocket-server-5d44fc8b6-jqbxm,69
1783192805,websocket-server-5d44fc8b6-mmrg4,69
1783192805,websocket-server-5d44fc8b6-sdbwm,77
1783192805,websocket-server-5d44fc8b6-tnrnw,57
1783192805,websocket-server-5d44fc8b6-wjrlf,50
1783192811,websocket-loadgen-shqxt,99
1783192811,websocket-server-5d44fc8b6-6j9qg,111
1783192811,websocket-server-5d44fc8b6-7gmjr,93
1783192811,websocket-server-5d44fc8b6-7zd4n,126
1783192811,websocket-server-5d44fc8b6-bdvrk,80
1783192811,websocket-server-5d44fc8b6-drj5f,65
1783192811,websocket-server-5d44fc8b6-jqbxm,102
1783192811,websocket-server-5d44fc8b6-mmrg4,88
1783192811,websocket-server-5d44fc8b6-sdbwm,114
1783192811,websocket-server-5d44fc8b6-tnrnw,77
1783192811,websocket-server-5d44fc8b6-wjrlf,85
1783192816,websocket-loadgen-shqxt,99
1783192816,websocket-server-5d44fc8b6-6j9qg,111
1783192816,websocket-server-5d44fc8b6-7gmjr,93
1783192816,websocket-server-5d44fc8b6-7zd4n,126
1783192816,websocket-server-5d44fc8b6-bdvrk,80
1783192816,websocket-server-5d44fc8b6-drj5f,65
1783192816,websocket-server-5d44fc8b6-jqbxm,102
1783192816,websocket-server-5d44fc8b6-mmrg4,88
1783192816,websocket-server-5d44fc8b6-sdbwm,114
1783192816,websocket-server-5d44fc8b6-tnrnw,77
1783192816,websocket-server-5d44fc8b6-wjrlf,85
1783192821,websocket-loadgen-shqxt,99
1783192821,websocket-server-5d44fc8b6-6j9qg,111
1783192821,websocket-server-5d44fc8b6-7gmjr,93
1783192821,websocket-server-5d44fc8b6-7zd4n,126
1783192821,websocket-server-5d44fc8b6-bdvrk,80
1783192821,websocket-server-5d44fc8b6-drj5f,65
1783192821,websocket-server-5d44fc8b6-jqbxm,102
1783192821,websocket-server-5d44fc8b6-mmrg4,88
1783192821,websocket-server-5d44fc8b6-sdbwm,114
1783192821,websocket-server-5d44fc8b6-tnrnw,77
1783192821,websocket-server-5d44fc8b6-wjrlf,85
1783192826,websocket-server-5d44fc8b6-6j9qg,132
1783192826,websocket-server-5d44fc8b6-7gmjr,117
1783192826,websocket-server-5d44fc8b6-7zd4n,147
1783192826,websocket-server-5d44fc8b6-bdvrk,80
1783192826,websocket-server-5d44fc8b6-drj5f,105
1783192826,websocket-server-5d44fc8b6-jqbxm,119
1783192826,websocket-server-5d44fc8b6-mmrg4,113
1783192826,websocket-server-5d44fc8b6-sdbwm,134
1783192826,websocket-server-5d44fc8b6-tnrnw,101
1783192826,websocket-server-5d44fc8b6-wjrlf,101
1783192831,websocket-server-5d44fc8b6-6j9qg,132
1783192831,websocket-server-5d44fc8b6-7gmjr,117
1783192831,websocket-server-5d44fc8b6-7zd4n,147
1783192831,websocket-server-5d44fc8b6-bdvrk,80
1783192831,websocket-server-5d44fc8b6-drj5f,105
1783192831,websocket-server-5d44fc8b6-jqbxm,119
1783192831,websocket-server-5d44fc8b6-mmrg4,113
1783192831,websocket-server-5d44fc8b6-sdbwm,134
1783192831,websocket-server-5d44fc8b6-tnrnw,101
1783192831,websocket-server-5d44fc8b6-wjrlf,101
1783192836,websocket-server-5d44fc8b6-6j9qg,132
1783192836,websocket-server-5d44fc8b6-7gmjr,117
1783192836,websocket-server-5d44fc8b6-7zd4n,147
1783192836,websocket-server-5d44fc8b6-bdvrk,80
1783192836,websocket-server-5d44fc8b6-drj5f,105
1783192836,websocket-server-5d44fc8b6-jqbxm,119
1783192836,websocket-server-5d44fc8b6-mmrg4,113
1783192836,websocket-server-5d44fc8b6-sdbwm,134
1783192836,websocket-server-5d44fc8b6-tnrnw,101
1783192836,websocket-server-5d44fc8b6-wjrlf,101
1783192841,websocket-loadgen-jb8w5,109
1783192841,websocket-server-5d44fc8b6-6j9qg,30
1783192841,websocket-server-5d44fc8b6-7gmjr,117
1783192841,websocket-server-5d44fc8b6-7zd4n,105
1783192841,websocket-server-5d44fc8b6-bdvrk,92
1783192841,websocket-server-5d44fc8b6-drj5f,21
1783192841,websocket-server-5d44fc8b6-jqbxm,75
1783192841,websocket-server-5d44fc8b6-mmrg4,19
1783192841,websocket-server-5d44fc8b6-sdbwm,68
1783192841,websocket-server-5d44fc8b6-tnrnw,30
1783192841,websocket-server-5d44fc8b6-wjrlf,101
1783192846,websocket-loadgen-jb8w5,109
1783192846,websocket-server-5d44fc8b6-6j9qg,30
1783192846,websocket-server-5d44fc8b6-7gmjr,117
1783192846,websocket-server-5d44fc8b6-7zd4n,105
1783192846,websocket-server-5d44fc8b6-bdvrk,92
1783192846,websocket-server-5d44fc8b6-drj5f,21
1783192846,websocket-server-5d44fc8b6-jqbxm,75
1783192846,websocket-server-5d44fc8b6-mmrg4,19
1783192846,websocket-server-5d44fc8b6-sdbwm,68
1783192846,websocket-server-5d44fc8b6-tnrnw,30
1783192846,websocket-server-5d44fc8b6-wjrlf,101
1783192852,websocket-loadgen-jb8w5,109
1783192852,websocket-server-5d44fc8b6-6j9qg,30
1783192852,websocket-server-5d44fc8b6-7gmjr,117
1783192852,websocket-server-5d44fc8b6-7zd4n,105
1783192852,websocket-server-5d44fc8b6-bdvrk,92
1783192852,websocket-server-5d44fc8b6-drj5f,21
1783192852,websocket-server-5d44fc8b6-jqbxm,75
1783192852,websocket-server-5d44fc8b6-mmrg4,19
1783192852,websocket-server-5d44fc8b6-sdbwm,68
1783192852,websocket-server-5d44fc8b6-tnrnw,30
1783192852,websocket-server-5d44fc8b6-wjrlf,101
1783192857,websocket-loadgen-jb8w5,42
1783192857,websocket-server-5d44fc8b6-6j9qg,24
1783192857,websocket-server-5d44fc8b6-7gmjr,34
1783192857,websocket-server-5d44fc8b6-7zd4n,26
1783192857,websocket-server-5d44fc8b6-bdvrk,17
1783192857,websocket-server-5d44fc8b6-drj5f,27
1783192857,websocket-server-5d44fc8b6-jqbxm,24
1783192857,websocket-server-5d44fc8b6-mmrg4,25
1783192857,websocket-server-5d44fc8b6-sdbwm,26
1783192857,websocket-server-5d44fc8b6-tnrnw,36
1783192857,websocket-server-5d44fc8b6-wjrlf,32
1783192862,websocket-loadgen-jb8w5,42
1783192862,websocket-server-5d44fc8b6-6j9qg,24
1783192862,websocket-server-5d44fc8b6-7gmjr,34
1783192862,websocket-server-5d44fc8b6-7zd4n,26
1783192862,websocket-server-5d44fc8b6-bdvrk,17
1783192862,websocket-server-5d44fc8b6-drj5f,27
1783192862,websocket-server-5d44fc8b6-jqbxm,24
1783192862,websocket-server-5d44fc8b6-mmrg4,25
1783192862,websocket-server-5d44fc8b6-sdbwm,26
1783192862,websocket-server-5d44fc8b6-tnrnw,36
1783192862,websocket-server-5d44fc8b6-wjrlf,32
1783192867,websocket-loadgen-jb8w5,42
1783192867,websocket-server-5d44fc8b6-6j9qg,24
1783192867,websocket-server-5d44fc8b6-7gmjr,34
1783192867,websocket-server-5d44fc8b6-7zd4n,26
1783192867,websocket-server-5d44fc8b6-bdvrk,17
1783192867,websocket-server-5d44fc8b6-drj5f,27
1783192867,websocket-server-5d44fc8b6-jqbxm,24
1783192867,websocket-server-5d44fc8b6-mmrg4,25
1783192867,websocket-server-5d44fc8b6-sdbwm,26
1783192867,websocket-server-5d44fc8b6-tnrnw,36
1783192867,websocket-server-5d44fc8b6-wjrlf,32
1783192872,websocket-loadgen-jb8w5,56
1783192872,websocket-server-5d44fc8b6-6j9qg,24
1783192872,websocket-server-5d44fc8b6-7gmjr,34
1783192872,websocket-server-5d44fc8b6-7zd4n,50
1783192872,websocket-server-5d44fc8b6-bdvrk,36
1783192872,websocket-server-5d44fc8b6-drj5f,43
1783192872,websocket-server-5d44fc8b6-jqbxm,38
1783192872,websocket-server-5d44fc8b6-mmrg4,44
1783192872,websocket-server-5d44fc8b6-sdbwm,46
1783192872,websocket-server-5d44fc8b6-tnrnw,62
1783192872,websocket-server-5d44fc8b6-wjrlf,41
1783192877,websocket-loadgen-jb8w5,56
1783192877,websocket-server-5d44fc8b6-6j9qg,24
1783192877,websocket-server-5d44fc8b6-7gmjr,34
1783192877,websocket-server-5d44fc8b6-7zd4n,50
1783192877,websocket-server-5d44fc8b6-bdvrk,36
1783192877,websocket-server-5d44fc8b6-drj5f,43
1783192877,websocket-server-5d44fc8b6-jqbxm,38
1783192877,websocket-server-5d44fc8b6-mmrg4,44
1783192877,websocket-server-5d44fc8b6-sdbwm,46
1783192877,websocket-server-5d44fc8b6-tnrnw,62
1783192877,websocket-server-5d44fc8b6-wjrlf,41
1783192882,websocket-loadgen-jb8w5,56
1783192882,websocket-server-5d44fc8b6-6j9qg,24
1783192882,websocket-server-5d44fc8b6-7gmjr,34
1783192882,websocket-server-5d44fc8b6-7zd4n,50
1783192882,websocket-server-5d44fc8b6-bdvrk,36
1783192882,websocket-server-5d44fc8b6-drj5f,43
1783192882,websocket-server-5d44fc8b6-jqbxm,38
1783192882,websocket-server-5d44fc8b6-mmrg4,44
1783192882,websocket-server-5d44fc8b6-sdbwm,46
1783192882,websocket-server-5d44fc8b6-tnrnw,62
1783192882,websocket-server-5d44fc8b6-wjrlf,41
1783192888,websocket-loadgen-jb8w5,74
1783192888,websocket-server-5d44fc8b6-6j9qg,50
1783192888,websocket-server-5d44fc8b6-7gmjr,55
1783192888,websocket-server-5d44fc8b6-7zd4n,76
1783192888,websocket-server-5d44fc8b6-bdvrk,36
1783192888,websocket-server-5d44fc8b6-drj5f,43
1783192888,websocket-server-5d44fc8b6-jqbxm,71
1783192888,websocket-server-5d44fc8b6-mmrg4,67
1783192888,websocket-server-5d44fc8b6-sdbwm,67
1783192888,websocket-server-5d44fc8b6-tnrnw,86
1783192888,websocket-server-5d44fc8b6-wjrlf,82
1783192893,websocket-loadgen-jb8w5,74
1783192893,websocket-server-5d44fc8b6-6j9qg,50
1783192893,websocket-server-5d44fc8b6-7gmjr,55
1783192893,websocket-server-5d44fc8b6-7zd4n,76
1783192893,websocket-server-5d44fc8b6-bdvrk,36
1783192893,websocket-server-5d44fc8b6-drj5f,43
1783192893,websocket-server-5d44fc8b6-jqbxm,71
1783192893,websocket-server-5d44fc8b6-mmrg4,67
1783192893,websocket-server-5d44fc8b6-sdbwm,67
1783192893,websocket-server-5d44fc8b6-tnrnw,86
1783192893,websocket-server-5d44fc8b6-wjrlf,82
1783192898,websocket-loadgen-jb8w5,74
1783192898,websocket-server-5d44fc8b6-6j9qg,50
1783192898,websocket-server-5d44fc8b6-7gmjr,55
1783192898,websocket-server-5d44fc8b6-7zd4n,76
1783192898,websocket-server-5d44fc8b6-bdvrk,36
1783192898,websocket-server-5d44fc8b6-drj5f,43
1783192898,websocket-server-5d44fc8b6-jqbxm,71
1783192898,websocket-server-5d44fc8b6-mmrg4,67
1783192898,websocket-server-5d44fc8b6-sdbwm,67
1783192898,websocket-server-5d44fc8b6-tnrnw,86
1783192898,websocket-server-5d44fc8b6-wjrlf,82
1783192903,websocket-loadgen-jb8w5,89
1783192903,websocket-server-5d44fc8b6-6j9qg,66
1783192903,websocket-server-5d44fc8b6-7gmjr,85
1783192903,websocket-server-5d44fc8b6-7zd4n,96
1783192903,websocket-server-5d44fc8b6-bdvrk,71
1783192903,websocket-server-5d44fc8b6-drj5f,63
1783192903,websocket-server-5d44fc8b6-jqbxm,90
1783192903,websocket-server-5d44fc8b6-mmrg4,90
1783192903,websocket-server-5d44fc8b6-sdbwm,84
1783192903,websocket-server-5d44fc8b6-tnrnw,96
1783192903,websocket-server-5d44fc8b6-wjrlf,82
1783192908,websocket-loadgen-jb8w5,89
1783192908,websocket-server-5d44fc8b6-6j9qg,66
1783192908,websocket-server-5d44fc8b6-7gmjr,85
1783192908,websocket-server-5d44fc8b6-7zd4n,96
1783192908,websocket-server-5d44fc8b6-bdvrk,71
1783192908,websocket-server-5d44fc8b6-drj5f,63
1783192908,websocket-server-5d44fc8b6-jqbxm,90
1783192908,websocket-server-5d44fc8b6-mmrg4,90
1783192908,websocket-server-5d44fc8b6-sdbwm,84
1783192908,websocket-server-5d44fc8b6-tnrnw,96
1783192908,websocket-server-5d44fc8b6-wjrlf,82
1783192913,websocket-loadgen-jb8w5,89
1783192913,websocket-server-5d44fc8b6-6j9qg,66
1783192913,websocket-server-5d44fc8b6-7gmjr,85
1783192913,websocket-server-5d44fc8b6-7zd4n,96
1783192913,websocket-server-5d44fc8b6-bdvrk,71
1783192913,websocket-server-5d44fc8b6-drj5f,63
1783192913,websocket-server-5d44fc8b6-jqbxm,90
1783192913,websocket-server-5d44fc8b6-mmrg4,90
1783192913,websocket-server-5d44fc8b6-sdbwm,84
1783192913,websocket-server-5d44fc8b6-tnrnw,96
1783192913,websocket-server-5d44fc8b6-wjrlf,82
1783192918,websocket-server-5d44fc8b6-6j9qg,96
1783192918,websocket-server-5d44fc8b6-7gmjr,118
1783192918,websocket-server-5d44fc8b6-7zd4n,122
1783192918,websocket-server-5d44fc8b6-bdvrk,97
1783192918,websocket-server-5d44fc8b6-drj5f,96
1783192918,websocket-server-5d44fc8b6-jqbxm,90
1783192918,websocket-server-5d44fc8b6-mmrg4,90
1783192918,websocket-server-5d44fc8b6-sdbwm,115
1783192918,websocket-server-5d44fc8b6-tnrnw,122
1783192918,websocket-server-5d44fc8b6-wjrlf,125
1783192924,websocket-server-5d44fc8b6-6j9qg,96
1783192924,websocket-server-5d44fc8b6-7gmjr,118
1783192924,websocket-server-5d44fc8b6-7zd4n,122
1783192924,websocket-server-5d44fc8b6-bdvrk,97
1783192924,websocket-server-5d44fc8b6-drj5f,96
1783192924,websocket-server-5d44fc8b6-jqbxm,90
1783192924,websocket-server-5d44fc8b6-mmrg4,90
1783192924,websocket-server-5d44fc8b6-sdbwm,115
1783192924,websocket-server-5d44fc8b6-tnrnw,122
1783192924,websocket-server-5d44fc8b6-wjrlf,125
1783192929,websocket-server-5d44fc8b6-6j9qg,96
1783192929,websocket-server-5d44fc8b6-7gmjr,118
1783192929,websocket-server-5d44fc8b6-7zd4n,115
1783192929,websocket-server-5d44fc8b6-bdvrk,74
1783192929,websocket-server-5d44fc8b6-drj5f,66
1783192929,websocket-server-5d44fc8b6-jqbxm,134
1783192929,websocket-server-5d44fc8b6-mmrg4,121
1783192929,websocket-server-5d44fc8b6-sdbwm,58
1783192929,websocket-server-5d44fc8b6-tnrnw,72
1783192929,websocket-server-5d44fc8b6-wjrlf,114
1783192934,websocket-server-5d44fc8b6-6j9qg,96
1783192934,websocket-server-5d44fc8b6-7gmjr,118
1783192934,websocket-server-5d44fc8b6-7zd4n,115
1783192934,websocket-server-5d44fc8b6-bdvrk,74
1783192934,websocket-server-5d44fc8b6-drj5f,66
1783192934,websocket-server-5d44fc8b6-jqbxm,134
1783192934,websocket-server-5d44fc8b6-mmrg4,121
1783192934,websocket-server-5d44fc8b6-sdbwm,58
1783192934,websocket-server-5d44fc8b6-tnrnw,72
1783192934,websocket-server-5d44fc8b6-wjrlf,114
1783192939,websocket-server-5d44fc8b6-6j9qg,96
1783192939,websocket-server-5d44fc8b6-7gmjr,118
1783192939,websocket-server-5d44fc8b6-7zd4n,115
1783192939,websocket-server-5d44fc8b6-bdvrk,74
1783192939,websocket-server-5d44fc8b6-drj5f,66
1783192939,websocket-server-5d44fc8b6-jqbxm,134
1783192939,websocket-server-5d44fc8b6-mmrg4,121
1783192939,websocket-server-5d44fc8b6-sdbwm,58
1783192939,websocket-server-5d44fc8b6-tnrnw,72
1783192939,websocket-server-5d44fc8b6-wjrlf,114
1783192944,websocket-server-5d44fc8b6-6j9qg,17
1783192944,websocket-server-5d44fc8b6-7gmjr,24
1783192944,websocket-server-5d44fc8b6-7zd4n,0
1783192944,websocket-server-5d44fc8b6-bdvrk,1
1783192944,websocket-server-5d44fc8b6-drj5f,0
1783192944,websocket-server-5d44fc8b6-jqbxm,0
1783192944,websocket-server-5d44fc8b6-mmrg4,0
1783192944,websocket-server-5d44fc8b6-sdbwm,58
1783192944,websocket-server-5d44fc8b6-tnrnw,0
1783192944,websocket-server-5d44fc8b6-wjrlf,0
1783192949,websocket-server-5d44fc8b6-6j9qg,17
1783192949,websocket-server-5d44fc8b6-7gmjr,24
1783192949,websocket-server-5d44fc8b6-7zd4n,0
1783192949,websocket-server-5d44fc8b6-bdvrk,1
1783192949,websocket-server-5d44fc8b6-drj5f,0
1783192949,websocket-server-5d44fc8b6-jqbxm,0
1783192949,websocket-server-5d44fc8b6-mmrg4,0
1783192949,websocket-server-5d44fc8b6-sdbwm,58
1783192949,websocket-server-5d44fc8b6-tnrnw,0
1783192949,websocket-server-5d44fc8b6-wjrlf,0
1783192954,websocket-server-5d44fc8b6-6j9qg,17
1783192954,websocket-server-5d44fc8b6-7gmjr,24
1783192954,websocket-server-5d44fc8b6-7zd4n,0
1783192954,websocket-server-5d44fc8b6-bdvrk,1
1783192954,websocket-server-5d44fc8b6-drj5f,0
1783192954,websocket-server-5d44fc8b6-jqbxm,0
1783192954,websocket-server-5d44fc8b6-mmrg4,0
1783192954,websocket-server-5d44fc8b6-sdbwm,58
1783192954,websocket-server-5d44fc8b6-tnrnw,0
1783192954,websocket-server-5d44fc8b6-wjrlf,0
1783192959,websocket-server-5d44fc8b6-6j9qg,0
1783192959,websocket-server-5d44fc8b6-7gmjr,0
1783192959,websocket-server-5d44fc8b6-7zd4n,0
1783192959,websocket-server-5d44fc8b6-bdvrk,1
1783192959,websocket-server-5d44fc8b6-drj5f,0
1783192959,websocket-server-5d44fc8b6-jqbxm,0
1783192959,websocket-server-5d44fc8b6-mmrg4,0
1783192959,websocket-server-5d44fc8b6-sdbwm,0
1783192959,websocket-server-5d44fc8b6-tnrnw,0
1783192959,websocket-server-5d44fc8b6-wjrlf,0
1783192965,websocket-server-5d44fc8b6-6j9qg,0
1783192965,websocket-server-5d44fc8b6-7gmjr,0
1783192965,websocket-server-5d44fc8b6-7zd4n,0
1783192965,websocket-server-5d44fc8b6-bdvrk,1
1783192965,websocket-server-5d44fc8b6-drj5f,0
1783192965,websocket-server-5d44fc8b6-jqbxm,0
1783192965,websocket-server-5d44fc8b6-mmrg4,0
1783192965,websocket-server-5d44fc8b6-sdbwm,0
1783192965,websocket-server-5d44fc8b6-tnrnw,0
1783192965,websocket-server-5d44fc8b6-wjrlf,0
1783192970,websocket-server-5d44fc8b6-6j9qg,0
1783192970,websocket-server-5d44fc8b6-7gmjr,0
1783192970,websocket-server-5d44fc8b6-7zd4n,0
1783192970,websocket-server-5d44fc8b6-bdvrk,1
1783192970,websocket-server-5d44fc8b6-drj5f,0
1783192970,websocket-server-5d44fc8b6-jqbxm,0
1783192970,websocket-server-5d44fc8b6-mmrg4,0
1783192970,websocket-server-5d44fc8b6-sdbwm,0
1783192970,websocket-server-5d44fc8b6-tnrnw,0
1783192970,websocket-server-5d44fc8b6-wjrlf,0
1783192975,websocket-server-5d44fc8b6-6j9qg,0
1783192975,websocket-server-5d44fc8b6-7gmjr,0
1783192975,websocket-server-5d44fc8b6-7zd4n,0
1783192975,websocket-server-5d44fc8b6-bdvrk,1
1783192975,websocket-server-5d44fc8b6-drj5f,0
1783192975,websocket-server-5d44fc8b6-jqbxm,0
1783192975,websocket-server-5d44fc8b6-mmrg4,0
1783192975,websocket-server-5d44fc8b6-sdbwm,0
1783192975,websocket-server-5d44fc8b6-tnrnw,0
1783192975,websocket-server-5d44fc8b6-wjrlf,0
1783192980,websocket-server-5d44fc8b6-6j9qg,0
1783192980,websocket-server-5d44fc8b6-7gmjr,0
1783192980,websocket-server-5d44fc8b6-7zd4n,0
1783192980,websocket-server-5d44fc8b6-bdvrk,1
1783192980,websocket-server-5d44fc8b6-drj5f,0
1783192980,websocket-server-5d44fc8b6-jqbxm,0
1783192980,websocket-server-5d44fc8b6-mmrg4,0
1783192980,websocket-server-5d44fc8b6-sdbwm,0
1783192980,websocket-server-5d44fc8b6-tnrnw,0
1783192980,websocket-server-5d44fc8b6-wjrlf,0
1783192985,websocket-server-5d44fc8b6-6j9qg,0
1783192985,websocket-server-5d44fc8b6-7gmjr,0
1783192985,websocket-server-5d44fc8b6-7zd4n,0
1783192985,websocket-server-5d44fc8b6-bdvrk,1
1783192985,websocket-server-5d44fc8b6-drj5f,0
1783192985,websocket-server-5d44fc8b6-jqbxm,0
1783192985,websocket-server-5d44fc8b6-mmrg4,0
1783192985,websocket-server-5d44fc8b6-sdbwm,0
1783192985,websocket-server-5d44fc8b6-tnrnw,0
1783192985,websocket-server-5d44fc8b6-wjrlf,0
1783192990,websocket-server-5d44fc8b6-6j9qg,0
1783192990,websocket-server-5d44fc8b6-7gmjr,0
1783192990,websocket-server-5d44fc8b6-7zd4n,0
1783192990,websocket-server-5d44fc8b6-bdvrk,1
1783192990,websocket-server-5d44fc8b6-drj5f,0
1783192990,websocket-server-5d44fc8b6-jqbxm,0
1783192990,websocket-server-5d44fc8b6-mmrg4,0
1783192990,websocket-server-5d44fc8b6-sdbwm,0
1783192990,websocket-server-5d44fc8b6-tnrnw,0
1783192990,websocket-server-5d44fc8b6-wjrlf,0
1783192995,websocket-server-5d44fc8b6-6j9qg,0
1783192995,websocket-server-5d44fc8b6-7gmjr,0
1783192995,websocket-server-5d44fc8b6-7zd4n,0
1783192995,websocket-server-5d44fc8b6-bdvrk,1
1783192995,websocket-server-5d44fc8b6-drj5f,0
1783192995,websocket-server-5d44fc8b6-jqbxm,0
1783192995,websocket-server-5d44fc8b6-mmrg4,0
1783192995,websocket-server-5d44fc8b6-sdbwm,0
1783192995,websocket-server-5d44fc8b6-tnrnw,0
1783192995,websocket-server-5d44fc8b6-wjrlf,0
1783193000,websocket-server-5d44fc8b6-6j9qg,0
1783193000,websocket-server-5d44fc8b6-7gmjr,0
1783193000,websocket-server-5d44fc8b6-7zd4n,0
1783193000,websocket-server-5d44fc8b6-bdvrk,1
1783193000,websocket-server-5d44fc8b6-drj5f,0
1783193000,websocket-server-5d44fc8b6-jqbxm,0
1783193000,websocket-server-5d44fc8b6-mmrg4,0
1783193000,websocket-server-5d44fc8b6-sdbwm,0
1783193000,websocket-server-5d44fc8b6-tnrnw,0
1783193000,websocket-server-5d44fc8b6-wjrlf,0
1783193005,websocket-server-5d44fc8b6-6j9qg,0
1783193005,websocket-server-5d44fc8b6-7gmjr,0
1783193005,websocket-server-5d44fc8b6-7zd4n,0
1783193005,websocket-server-5d44fc8b6-bdvrk,1
1783193005,websocket-server-5d44fc8b6-drj5f,0
1783193005,websocket-server-5d44fc8b6-jqbxm,0
1783193005,websocket-server-5d44fc8b6-mmrg4,0
1783193005,websocket-server-5d44fc8b6-sdbwm,0
1783193005,websocket-server-5d44fc8b6-tnrnw,0
1783193005,websocket-server-5d44fc8b6-wjrlf,0
1783193011,websocket-server-5d44fc8b6-6j9qg,0
1783193011,websocket-server-5d44fc8b6-7gmjr,0
1783193011,websocket-server-5d44fc8b6-7zd4n,0
1783193011,websocket-server-5d44fc8b6-bdvrk,1
1783193011,websocket-server-5d44fc8b6-drj5f,0
1783193011,websocket-server-5d44fc8b6-jqbxm,0
1783193011,websocket-server-5d44fc8b6-mmrg4,0
1783193011,websocket-server-5d44fc8b6-sdbwm,0
1783193011,websocket-server-5d44fc8b6-tnrnw,0
1783193011,websocket-server-5d44fc8b6-wjrlf,0
1783193016,websocket-server-5d44fc8b6-6j9qg,0
1783193016,websocket-server-5d44fc8b6-7gmjr,0
1783193016,websocket-server-5d44fc8b6-7zd4n,0
1783193016,websocket-server-5d44fc8b6-bdvrk,1
1783193016,websocket-server-5d44fc8b6-drj5f,0
1783193016,websocket-server-5d44fc8b6-jqbxm,0
1783193016,websocket-server-5d44fc8b6-mmrg4,0
1783193016,websocket-server-5d44fc8b6-sdbwm,0
1783193016,websocket-server-5d44fc8b6-tnrnw,0
1783193016,websocket-server-5d44fc8b6-wjrlf,0
1783193021,websocket-server-5d44fc8b6-6j9qg,0
1783193021,websocket-server-5d44fc8b6-7gmjr,0
1783193021,websocket-server-5d44fc8b6-7zd4n,0
1783193021,websocket-server-5d44fc8b6-bdvrk,1
1783193021,websocket-server-5d44fc8b6-drj5f,0
1783193021,websocket-server-5d44fc8b6-jqbxm,0
1783193021,websocket-server-5d44fc8b6-mmrg4,0
1783193021,websocket-server-5d44fc8b6-sdbwm,0
1783193021,websocket-server-5d44fc8b6-tnrnw,0
1783193021,websocket-server-5d44fc8b6-wjrlf,0
1783193026,websocket-server-5d44fc8b6-6j9qg,0
1783193026,websocket-server-5d44fc8b6-7gmjr,0
1783193026,websocket-server-5d44fc8b6-7zd4n,0
1783193026,websocket-server-5d44fc8b6-bdvrk,1
1783193026,websocket-server-5d44fc8b6-drj5f,0
1783193026,websocket-server-5d44fc8b6-jqbxm,0
1783193026,websocket-server-5d44fc8b6-mmrg4,0
1783193026,websocket-server-5d44fc8b6-sdbwm,0
1783193026,websocket-server-5d44fc8b6-tnrnw,0
1783193026,websocket-server-5d44fc8b6-wjrlf,0
1783193031,websocket-server-5d44fc8b6-6j9qg,0
1783193031,websocket-server-5d44fc8b6-7gmjr,0
1783193031,websocket-server-5d44fc8b6-7zd4n,0
1783193031,websocket-server-5d44fc8b6-bdvrk,1
1783193031,websocket-server-5d44fc8b6-drj5f,0
1783193031,websocket-server-5d44fc8b6-jqbxm,0
1783193031,websocket-server-5d44fc8b6-mmrg4,0
1783193031,websocket-server-5d44fc8b6-sdbwm,0
1783193031,websocket-server-5d44fc8b6-tnrnw,0
1783193031,websocket-server-5d44fc8b6-wjrlf,0
1783193036,websocket-server-5d44fc8b6-6j9qg,0
1783193036,websocket-server-5d44fc8b6-7gmjr,0
1783193036,websocket-server-5d44fc8b6-7zd4n,0
1783193036,websocket-server-5d44fc8b6-bdvrk,1
1783193036,websocket-server-5d44fc8b6-drj5f,0
1783193036,websocket-server-5d44fc8b6-jqbxm,0
1783193036,websocket-server-5d44fc8b6-mmrg4,0
1783193036,websocket-server-5d44fc8b6-sdbwm,0
1783193036,websocket-server-5d44fc8b6-tnrnw,0
1783193036,websocket-server-5d44fc8b6-wjrlf,0
1783193041,websocket-server-5d44fc8b6-6j9qg,0
1783193041,websocket-server-5d44fc8b6-7gmjr,0
1783193041,websocket-server-5d44fc8b6-7zd4n,0
1783193041,websocket-server-5d44fc8b6-bdvrk,1
1783193041,websocket-server-5d44fc8b6-drj5f,0
1783193041,websocket-server-5d44fc8b6-jqbxm,0
1783193041,websocket-server-5d44fc8b6-mmrg4,0
1783193041,websocket-server-5d44fc8b6-sdbwm,0
1783193041,websocket-server-5d44fc8b6-tnrnw,0
1783193041,websocket-server-5d44fc8b6-wjrlf,0
1783193046,websocket-server-5d44fc8b6-6j9qg,0
1783193046,websocket-server-5d44fc8b6-7gmjr,0
1783193046,websocket-server-5d44fc8b6-7zd4n,0
1783193046,websocket-server-5d44fc8b6-bdvrk,1
1783193046,websocket-server-5d44fc8b6-drj5f,0
1783193046,websocket-server-5d44fc8b6-jqbxm,0
1783193046,websocket-server-5d44fc8b6-mmrg4,0
1783193046,websocket-server-5d44fc8b6-sdbwm,0
1783193046,websocket-server-5d44fc8b6-tnrnw,0
1783193046,websocket-server-5d44fc8b6-wjrlf,0
1783193052,websocket-server-5d44fc8b6-6j9qg,0
1783193052,websocket-server-5d44fc8b6-7gmjr,0
1783193052,websocket-server-5d44fc8b6-7zd4n,0
1783193052,websocket-server-5d44fc8b6-bdvrk,1
1783193052,websocket-server-5d44fc8b6-drj5f,0
1783193052,websocket-server-5d44fc8b6-jqbxm,0
1783193052,websocket-server-5d44fc8b6-mmrg4,0
1783193052,websocket-server-5d44fc8b6-sdbwm,0
1783193052,websocket-server-5d44fc8b6-tnrnw,0
1783193052,websocket-server-5d44fc8b6-wjrlf,0
1783193057,websocket-server-5d44fc8b6-6j9qg,0
1783193057,websocket-server-5d44fc8b6-7gmjr,0
1783193057,websocket-server-5d44fc8b6-7zd4n,0
1783193057,websocket-server-5d44fc8b6-bdvrk,1
1783193057,websocket-server-5d44fc8b6-drj5f,0
1783193057,websocket-server-5d44fc8b6-jqbxm,0
1783193057,websocket-server-5d44fc8b6-mmrg4,0
1783193057,websocket-server-5d44fc8b6-sdbwm,0
1783193057,websocket-server-5d44fc8b6-tnrnw,0
1783193057,websocket-server-5d44fc8b6-wjrlf,0
1783193062,websocket-server-5d44fc8b6-6j9qg,0
1783193062,websocket-server-5d44fc8b6-7gmjr,0
1783193062,websocket-server-5d44fc8b6-7zd4n,0
1783193062,websocket-server-5d44fc8b6-bdvrk,1
1783193062,websocket-server-5d44fc8b6-drj5f,0
1783193062,websocket-server-5d44fc8b6-jqbxm,0
1783193062,websocket-server-5d44fc8b6-mmrg4,0
1783193062,websocket-server-5d44fc8b6-sdbwm,0
1783193062,websocket-server-5d44fc8b6-tnrnw,0
1783193062,websocket-server-5d44fc8b6-wjrlf,0
1783193067,websocket-server-5d44fc8b6-6j9qg,0
1783193067,websocket-server-5d44fc8b6-7gmjr,0
1783193067,websocket-server-5d44fc8b6-7zd4n,0
1783193067,websocket-server-5d44fc8b6-bdvrk,1
1783193067,websocket-server-5d44fc8b6-drj5f,0
1783193067,websocket-server-5d44fc8b6-jqbxm,0
1783193067,websocket-server-5d44fc8b6-mmrg4,0
1783193067,websocket-server-5d44fc8b6-sdbwm,0
1783193067,websocket-server-5d44fc8b6-tnrnw,0
1783193067,websocket-server-5d44fc8b6-wjrlf,0
1783193072,websocket-server-5d44fc8b6-6j9qg,0
1783193072,websocket-server-5d44fc8b6-7gmjr,0
1783193072,websocket-server-5d44fc8b6-7zd4n,0
1783193072,websocket-server-5d44fc8b6-bdvrk,1
1783193072,websocket-server-5d44fc8b6-drj5f,0
1783193072,websocket-server-5d44fc8b6-jqbxm,0
1783193072,websocket-server-5d44fc8b6-mmrg4,0
1783193072,websocket-server-5d44fc8b6-sdbwm,0
1783193072,websocket-server-5d44fc8b6-tnrnw,0
1783193072,websocket-server-5d44fc8b6-wjrlf,0
1783193077,websocket-server-5d44fc8b6-6j9qg,0
1783193077,websocket-server-5d44fc8b6-7gmjr,0
1783193077,websocket-server-5d44fc8b6-7zd4n,0
1783193077,websocket-server-5d44fc8b6-bdvrk,1
1783193077,websocket-server-5d44fc8b6-drj5f,0
1783193077,websocket-server-5d44fc8b6-jqbxm,0
1783193077,websocket-server-5d44fc8b6-mmrg4,0
1783193077,websocket-server-5d44fc8b6-sdbwm,0
1783193077,websocket-server-5d44fc8b6-tnrnw,0
1783193077,websocket-server-5d44fc8b6-wjrlf,0
1783193082,websocket-server-5d44fc8b6-6j9qg,0
1783193082,websocket-server-5d44fc8b6-7gmjr,0
1783193082,websocket-server-5d44fc8b6-7zd4n,0
1783193082,websocket-server-5d44fc8b6-bdvrk,1
1783193082,websocket-server-5d44fc8b6-drj5f,0
1783193082,websocket-server-5d44fc8b6-jqbxm,0
1783193082,websocket-server-5d44fc8b6-mmrg4,0
1783193082,websocket-server-5d44fc8b6-sdbwm,0
1783193082,websocket-server-5d44fc8b6-tnrnw,0
1783193082,websocket-server-5d44fc8b6-wjrlf,0
1783193087,websocket-server-5d44fc8b6-6j9qg,0
1783193087,websocket-server-5d44fc8b6-7gmjr,0
1783193087,websocket-server-5d44fc8b6-7zd4n,0
1783193087,websocket-server-5d44fc8b6-bdvrk,1
1783193087,websocket-server-5d44fc8b6-drj5f,0
1783193087,websocket-server-5d44fc8b6-jqbxm,0
1783193087,websocket-server-5d44fc8b6-mmrg4,0
1783193087,websocket-server-5d44fc8b6-sdbwm,0
1783193087,websocket-server-5d44fc8b6-tnrnw,0
1783193087,websocket-server-5d44fc8b6-wjrlf,0
1783193092,websocket-server-5d44fc8b6-6j9qg,0
1783193092,websocket-server-5d44fc8b6-7gmjr,0
1783193092,websocket-server-5d44fc8b6-7zd4n,0
1783193092,websocket-server-5d44fc8b6-bdvrk,1
1783193092,websocket-server-5d44fc8b6-drj5f,0
1783193092,websocket-server-5d44fc8b6-jqbxm,0
1783193092,websocket-server-5d44fc8b6-mmrg4,0
1783193092,websocket-server-5d44fc8b6-sdbwm,0
1783193092,websocket-server-5d44fc8b6-tnrnw,0
1783193092,websocket-server-5d44fc8b6-wjrlf,0
1783193097,websocket-server-5d44fc8b6-6j9qg,0
1783193097,websocket-server-5d44fc8b6-7gmjr,0
1783193097,websocket-server-5d44fc8b6-7zd4n,0
1783193097,websocket-server-5d44fc8b6-bdvrk,1
1783193097,websocket-server-5d44fc8b6-drj5f,0
1783193097,websocket-server-5d44fc8b6-jqbxm,0
1783193097,websocket-server-5d44fc8b6-mmrg4,0
1783193097,websocket-server-5d44fc8b6-sdbwm,0
1783193097,websocket-server-5d44fc8b6-tnrnw,0
1783193097,websocket-server-5d44fc8b6-wjrlf,0
1783193103,websocket-server-5d44fc8b6-6j9qg,0
1783193103,websocket-server-5d44fc8b6-7gmjr,0
1783193103,websocket-server-5d44fc8b6-7zd4n,0
1783193103,websocket-server-5d44fc8b6-bdvrk,1
1783193103,websocket-server-5d44fc8b6-drj5f,0
1783193103,websocket-server-5d44fc8b6-jqbxm,0
1783193103,websocket-server-5d44fc8b6-mmrg4,0
1783193103,websocket-server-5d44fc8b6-sdbwm,0
1783193103,websocket-server-5d44fc8b6-tnrnw,0
1783193103,websocket-server-5d44fc8b6-wjrlf,0
1783193108,websocket-server-5d44fc8b6-6j9qg,0
1783193108,websocket-server-5d44fc8b6-7gmjr,0
1783193108,websocket-server-5d44fc8b6-7zd4n,0
1783193108,websocket-server-5d44fc8b6-bdvrk,1
1783193108,websocket-server-5d44fc8b6-drj5f,0
1783193108,websocket-server-5d44fc8b6-jqbxm,0
1783193108,websocket-server-5d44fc8b6-mmrg4,0
1783193108,websocket-server-5d44fc8b6-sdbwm,0
1783193108,websocket-server-5d44fc8b6-tnrnw,0
1783193108,websocket-server-5d44fc8b6-wjrlf,0
1783193113,websocket-server-5d44fc8b6-6j9qg,0
1783193113,websocket-server-5d44fc8b6-7gmjr,0
1783193113,websocket-server-5d44fc8b6-7zd4n,0
1783193113,websocket-server-5d44fc8b6-bdvrk,1
1783193113,websocket-server-5d44fc8b6-drj5f,0
1783193113,websocket-server-5d44fc8b6-jqbxm,0
1783193113,websocket-server-5d44fc8b6-mmrg4,0
1783193113,websocket-server-5d44fc8b6-sdbwm,0
1783193113,websocket-server-5d44fc8b6-tnrnw,0
1783193113,websocket-server-5d44fc8b6-wjrlf,0
1783193118,websocket-server-5d44fc8b6-6j9qg,0
1783193118,websocket-server-5d44fc8b6-7gmjr,0
1783193118,websocket-server-5d44fc8b6-7zd4n,0
1783193118,websocket-server-5d44fc8b6-bdvrk,1
1783193118,websocket-server-5d44fc8b6-drj5f,0
1783193118,websocket-server-5d44fc8b6-jqbxm,0
1783193118,websocket-server-5d44fc8b6-mmrg4,0
1783193118,websocket-server-5d44fc8b6-sdbwm,0
1783193118,websocket-server-5d44fc8b6-tnrnw,0
1783193118,websocket-server-5d44fc8b6-wjrlf,0
1783193123,websocket-server-5d44fc8b6-6j9qg,0
1783193123,websocket-server-5d44fc8b6-7gmjr,0
1783193123,websocket-server-5d44fc8b6-7zd4n,0
1783193123,websocket-server-5d44fc8b6-bdvrk,1
1783193123,websocket-server-5d44fc8b6-drj5f,0
1783193123,websocket-server-5d44fc8b6-jqbxm,0
1783193123,websocket-server-5d44fc8b6-mmrg4,0
1783193123,websocket-server-5d44fc8b6-sdbwm,0
1783193123,websocket-server-5d44fc8b6-tnrnw,0
1783193123,websocket-server-5d44fc8b6-wjrlf,0
1783193128,websocket-server-5d44fc8b6-6j9qg,0
1783193128,websocket-server-5d44fc8b6-7gmjr,0
1783193128,websocket-server-5d44fc8b6-7zd4n,0
1783193128,websocket-server-5d44fc8b6-bdvrk,1
1783193128,websocket-server-5d44fc8b6-drj5f,0
1783193128,websocket-server-5d44fc8b6-jqbxm,0
1783193128,websocket-server-5d44fc8b6-mmrg4,0
1783193128,websocket-server-5d44fc8b6-sdbwm,0
1783193128,websocket-server-5d44fc8b6-tnrnw,0
1783193128,websocket-server-5d44fc8b6-wjrlf,0
1783193133,websocket-server-5d44fc8b6-6j9qg,0
1783193133,websocket-server-5d44fc8b6-7gmjr,0
1783193133,websocket-server-5d44fc8b6-7zd4n,0
1783193133,websocket-server-5d44fc8b6-bdvrk,1
1783193133,websocket-server-5d44fc8b6-drj5f,0
1783193133,websocket-server-5d44fc8b6-jqbxm,0
1783193133,websocket-server-5d44fc8b6-mmrg4,0
1783193133,websocket-server-5d44fc8b6-sdbwm,0
1783193133,websocket-server-5d44fc8b6-tnrnw,0
1783193133,websocket-server-5d44fc8b6-wjrlf,0
1783193138,websocket-server-5d44fc8b6-6j9qg,0
1783193138,websocket-server-5d44fc8b6-7gmjr,0
1783193138,websocket-server-5d44fc8b6-7zd4n,0
1783193138,websocket-server-5d44fc8b6-bdvrk,1
1783193138,websocket-server-5d44fc8b6-drj5f,0
1783193138,websocket-server-5d44fc8b6-jqbxm,0
1783193138,websocket-server-5d44fc8b6-mmrg4,0
1783193138,websocket-server-5d44fc8b6-sdbwm,0
1783193138,websocket-server-5d44fc8b6-tnrnw,0
1783193138,websocket-server-5d44fc8b6-wjrlf,0
1783193144,websocket-server-5d44fc8b6-6j9qg,0
1783193144,websocket-server-5d44fc8b6-7gmjr,0
1783193144,websocket-server-5d44fc8b6-7zd4n,0
1783193144,websocket-server-5d44fc8b6-bdvrk,1
1783193144,websocket-server-5d44fc8b6-drj5f,0
1783193144,websocket-server-5d44fc8b6-jqbxm,0
1783193144,websocket-server-5d44fc8b6-mmrg4,0
1783193144,websocket-server-5d44fc8b6-sdbwm,0
1783193144,websocket-server-5d44fc8b6-tnrnw,0
1783193144,websocket-server-5d44fc8b6-wjrlf,0
1783193149,websocket-server-5d44fc8b6-6j9qg,0
1783193149,websocket-server-5d44fc8b6-7gmjr,0
1783193149,websocket-server-5d44fc8b6-7zd4n,0
1783193149,websocket-server-5d44fc8b6-bdvrk,1
1783193149,websocket-server-5d44fc8b6-drj5f,0
1783193149,websocket-server-5d44fc8b6-jqbxm,0
1783193149,websocket-server-5d44fc8b6-mmrg4,0
1783193149,websocket-server-5d44fc8b6-sdbwm,0
1783193149,websocket-server-5d44fc8b6-tnrnw,0
1783193149,websocket-server-5d44fc8b6-wjrlf,0
1783193154,websocket-server-5d44fc8b6-6j9qg,0
1783193154,websocket-server-5d44fc8b6-7gmjr,0
1783193154,websocket-server-5d44fc8b6-7zd4n,0
1783193154,websocket-server-5d44fc8b6-bdvrk,1
1783193154,websocket-server-5d44fc8b6-drj5f,0
1783193154,websocket-server-5d44fc8b6-jqbxm,0
1783193154,websocket-server-5d44fc8b6-mmrg4,0
1783193154,websocket-server-5d44fc8b6-sdbwm,0
1783193154,websocket-server-5d44fc8b6-tnrnw,0
1783193154,websocket-server-5d44fc8b6-wjrlf,0
1783193159,websocket-server-5d44fc8b6-6j9qg,0
1783193159,websocket-server-5d44fc8b6-7gmjr,0
1783193159,websocket-server-5d44fc8b6-7zd4n,0
1783193159,websocket-server-5d44fc8b6-bdvrk,1
1783193159,websocket-server-5d44fc8b6-drj5f,0
1783193159,websocket-server-5d44fc8b6-jqbxm,0
1783193159,websocket-server-5d44fc8b6-mmrg4,0
1783193159,websocket-server-5d44fc8b6-sdbwm,0
1783193159,websocket-server-5d44fc8b6-tnrnw,0
1783193164,websocket-server-5d44fc8b6-6j9qg,0
1783193164,websocket-server-5d44fc8b6-7gmjr,0
1783193164,websocket-server-5d44fc8b6-7zd4n,0
1783193164,websocket-server-5d44fc8b6-bdvrk,1
1783193164,websocket-server-5d44fc8b6-drj5f,0
1783193164,websocket-server-5d44fc8b6-jqbxm,0
1783193164,websocket-server-5d44fc8b6-mmrg4,0
1783193164,websocket-server-5d44fc8b6-sdbwm,0
1783193164,websocket-server-5d44fc8b6-tnrnw,0
1783193169,websocket-server-5d44fc8b6-6j9qg,0
1783193169,websocket-server-5d44fc8b6-7gmjr,0
1783193169,websocket-server-5d44fc8b6-7zd4n,0
1783193169,websocket-server-5d44fc8b6-bdvrk,1
1783193169,websocket-server-5d44fc8b6-drj5f,0
1783193169,websocket-server-5d44fc8b6-jqbxm,0
1783193169,websocket-server-5d44fc8b6-mmrg4,0
1783193169,websocket-server-5d44fc8b6-sdbwm,0
1783193169,websocket-server-5d44fc8b6-tnrnw,0
1783193174,websocket-server-5d44fc8b6-6j9qg,0
1783193174,websocket-server-5d44fc8b6-7gmjr,0
1783193174,websocket-server-5d44fc8b6-7zd4n,0
1783193174,websocket-server-5d44fc8b6-bdvrk,1
1783193174,websocket-server-5d44fc8b6-drj5f,0
1783193174,websocket-server-5d44fc8b6-jqbxm,0
1783193174,websocket-server-5d44fc8b6-mmrg4,0
1783193174,websocket-server-5d44fc8b6-sdbwm,0
1783193174,websocket-server-5d44fc8b6-tnrnw,0
1783193179,websocket-server-5d44fc8b6-6j9qg,0
1783193179,websocket-server-5d44fc8b6-7gmjr,0
1783193179,websocket-server-5d44fc8b6-7zd4n,0
1783193179,websocket-server-5d44fc8b6-bdvrk,1
1783193179,websocket-server-5d44fc8b6-drj5f,0
1783193179,websocket-server-5d44fc8b6-jqbxm,0
1783193179,websocket-server-5d44fc8b6-mmrg4,0
1783193179,websocket-server-5d44fc8b6-sdbwm,0
1783193179,websocket-server-5d44fc8b6-tnrnw,0
1783193185,websocket-server-5d44fc8b6-6j9qg,0
1783193185,websocket-server-5d44fc8b6-7gmjr,0
1783193185,websocket-server-5d44fc8b6-7zd4n,0
1783193185,websocket-server-5d44fc8b6-bdvrk,1
1783193185,websocket-server-5d44fc8b6-drj5f,0
1783193185,websocket-server-5d44fc8b6-jqbxm,0
1783193185,websocket-server-5d44fc8b6-mmrg4,0
1783193185,websocket-server-5d44fc8b6-sdbwm,0
1783193185,websocket-server-5d44fc8b6-tnrnw,0
1783193190,websocket-server-5d44fc8b6-6j9qg,0
1783193190,websocket-server-5d44fc8b6-7gmjr,0
1783193190,websocket-server-5d44fc8b6-7zd4n,0
1783193190,websocket-server-5d44fc8b6-bdvrk,1
1783193190,websocket-server-5d44fc8b6-drj5f,0
1783193190,websocket-server-5d44fc8b6-jqbxm,0
1783193190,websocket-server-5d44fc8b6-mmrg4,0
1783193190,websocket-server-5d44fc8b6-sdbwm,0
1783193190,websocket-server-5d44fc8b6-tnrnw,0
1783193195,websocket-server-5d44fc8b6-6j9qg,0
1783193195,websocket-server-5d44fc8b6-7gmjr,0
1783193195,websocket-server-5d44fc8b6-7zd4n,0
1783193195,websocket-server-5d44fc8b6-bdvrk,1
1783193195,websocket-server-5d44fc8b6-drj5f,0
1783193195,websocket-server-5d44fc8b6-jqbxm,0
1783193195,websocket-server-5d44fc8b6-mmrg4,0
1783193195,websocket-server-5d44fc8b6-sdbwm,0
1783193195,websocket-server-5d44fc8b6-tnrnw,0
1783193200,websocket-server-5d44fc8b6-6j9qg,0
1783193200,websocket-server-5d44fc8b6-7gmjr,0
1783193200,websocket-server-5d44fc8b6-7zd4n,0
1783193200,websocket-server-5d44fc8b6-bdvrk,1
1783193200,websocket-server-5d44fc8b6-drj5f,0
1783193200,websocket-server-5d44fc8b6-jqbxm,0
1783193200,websocket-server-5d44fc8b6-mmrg4,0
1783193200,websocket-server-5d44fc8b6-sdbwm,0
1783193200,websocket-server-5d44fc8b6-tnrnw,0
1783193205,websocket-server-5d44fc8b6-6j9qg,0
1783193205,websocket-server-5d44fc8b6-7gmjr,0
1783193205,websocket-server-5d44fc8b6-7zd4n,0
1783193205,websocket-server-5d44fc8b6-bdvrk,1
1783193205,websocket-server-5d44fc8b6-drj5f,0
1783193205,websocket-server-5d44fc8b6-jqbxm,0
1783193205,websocket-server-5d44fc8b6-mmrg4,0
1783193205,websocket-server-5d44fc8b6-sdbwm,0
1783193205,websocket-server-5d44fc8b6-tnrnw,0
1783193210,websocket-server-5d44fc8b6-6j9qg,0
1783193210,websocket-server-5d44fc8b6-7gmjr,0
1783193210,websocket-server-5d44fc8b6-7zd4n,0
1783193210,websocket-server-5d44fc8b6-bdvrk,1
1783193210,websocket-server-5d44fc8b6-drj5f,0
1783193210,websocket-server-5d44fc8b6-jqbxm,0
1783193210,websocket-server-5d44fc8b6-mmrg4,0
1783193210,websocket-server-5d44fc8b6-sdbwm,0
1783193210,websocket-server-5d44fc8b6-tnrnw,0
1783193215,websocket-server-5d44fc8b6-6j9qg,0
1783193215,websocket-server-5d44fc8b6-7gmjr,0
1783193215,websocket-server-5d44fc8b6-7zd4n,0
1783193215,websocket-server-5d44fc8b6-bdvrk,1
1783193215,websocket-server-5d44fc8b6-drj5f,0
1783193215,websocket-server-5d44fc8b6-jqbxm,0
1783193215,websocket-server-5d44fc8b6-mmrg4,0
1783193215,websocket-server-5d44fc8b6-sdbwm,0
1783193215,websocket-server-5d44fc8b6-tnrnw,0
1783193220,websocket-server-5d44fc8b6-6j9qg,0
1783193220,websocket-server-5d44fc8b6-7gmjr,0
1783193220,websocket-server-5d44fc8b6-7zd4n,0
1783193220,websocket-server-5d44fc8b6-bdvrk,1
1783193220,websocket-server-5d44fc8b6-drj5f,0
1783193220,websocket-server-5d44fc8b6-jqbxm,0
1783193220,websocket-server-5d44fc8b6-mmrg4,0
1783193220,websocket-server-5d44fc8b6-sdbwm,0
1783193220,websocket-server-5d44fc8b6-tnrnw,0
1783193225,websocket-server-5d44fc8b6-6j9qg,0
1783193225,websocket-server-5d44fc8b6-7gmjr,0
1783193225,websocket-server-5d44fc8b6-7zd4n,0
1783193225,websocket-server-5d44fc8b6-bdvrk,1
1783193225,websocket-server-5d44fc8b6-drj5f,0
1783193225,websocket-server-5d44fc8b6-jqbxm,0
1783193225,websocket-server-5d44fc8b6-mmrg4,0
1783193225,websocket-server-5d44fc8b6-sdbwm,0
1783193225,websocket-server-5d44fc8b6-tnrnw,0
1783193231,websocket-server-5d44fc8b6-6j9qg,0
1783193231,websocket-server-5d44fc8b6-7gmjr,0
1783193231,websocket-server-5d44fc8b6-7zd4n,0
1783193231,websocket-server-5d44fc8b6-bdvrk,1
1783193231,websocket-server-5d44fc8b6-drj5f,0
1783193231,websocket-server-5d44fc8b6-jqbxm,0
1783193231,websocket-server-5d44fc8b6-mmrg4,0
1783193231,websocket-server-5d44fc8b6-sdbwm,0
1783193231,websocket-server-5d44fc8b6-tnrnw,0
1783193236,websocket-server-5d44fc8b6-6j9qg,0
1783193236,websocket-server-5d44fc8b6-7gmjr,0
1783193236,websocket-server-5d44fc8b6-7zd4n,0
1783193236,websocket-server-5d44fc8b6-bdvrk,1
1783193236,websocket-server-5d44fc8b6-drj5f,0
1783193236,websocket-server-5d44fc8b6-jqbxm,0
1783193236,websocket-server-5d44fc8b6-mmrg4,0
1783193236,websocket-server-5d44fc8b6-sdbwm,0
1783193236,websocket-server-5d44fc8b6-tnrnw,0
1783193241,websocket-server-5d44fc8b6-6j9qg,0
1783193241,websocket-server-5d44fc8b6-7gmjr,0
1783193241,websocket-server-5d44fc8b6-7zd4n,0
1783193241,websocket-server-5d44fc8b6-bdvrk,1
1783193241,websocket-server-5d44fc8b6-drj5f,0
1783193241,websocket-server-5d44fc8b6-jqbxm,0
1783193241,websocket-server-5d44fc8b6-mmrg4,0
1783193241,websocket-server-5d44fc8b6-sdbwm,0
1783193241,websocket-server-5d44fc8b6-tnrnw,0
1783193246,websocket-server-5d44fc8b6-6j9qg,0
1783193246,websocket-server-5d44fc8b6-7gmjr,0
1783193246,websocket-server-5d44fc8b6-7zd4n,0
1783193246,websocket-server-5d44fc8b6-bdvrk,1
1783193246,websocket-server-5d44fc8b6-drj5f,0
1783193246,websocket-server-5d44fc8b6-jqbxm,0
1783193246,websocket-server-5d44fc8b6-mmrg4,0
1783193246,websocket-server-5d44fc8b6-tnrnw,0
1783193251,websocket-server-5d44fc8b6-6j9qg,0
1783193251,websocket-server-5d44fc8b6-7gmjr,0
1783193251,websocket-server-5d44fc8b6-7zd4n,0
1783193251,websocket-server-5d44fc8b6-bdvrk,1
1783193251,websocket-server-5d44fc8b6-drj5f,0
1783193251,websocket-server-5d44fc8b6-jqbxm,0
1783193251,websocket-server-5d44fc8b6-mmrg4,0
1783193251,websocket-server-5d44fc8b6-tnrnw,0
1783193256,websocket-server-5d44fc8b6-6j9qg,0
1783193256,websocket-server-5d44fc8b6-7gmjr,0
1783193256,websocket-server-5d44fc8b6-7zd4n,0
1783193256,websocket-server-5d44fc8b6-bdvrk,1
1783193256,websocket-server-5d44fc8b6-drj5f,0
1783193256,websocket-server-5d44fc8b6-jqbxm,0
1783193256,websocket-server-5d44fc8b6-mmrg4,0
1783193256,websocket-server-5d44fc8b6-tnrnw,0
